platform,raw,minor,major,naturally_unlinked
alibaba1688,代购代发,代购代发,dropship_cost,0
alibaba1688,1688买家保障,买家保障,software_fee,0
alibaba1688,1688供应链服务-跨境渠道,供应链服务-跨境渠道,software_fee,0
alibaba1688,1688增值服务-诚e赊服务费,诚e赊服务费,software_fee,0
alibaba1688,1688大分销业务平台抽佣,大分销业务平台抽佣,software_fee,0
alibaba1688,严选软件服务费及代运营服务费,严选软件服务费及代运营服务费,software_fee,0
alibaba1688,1688买家体验赔付,买家体验赔付,trade_compensation,0
alibaba1688,1688保证金-支付-产生交易理赔,保证金-支付-产生交易理赔,trade_compensation,0
alibaba1688,1688保证金-支付-违规罚金,保证金-支付-违规罚金,trade_compensation,0
alibaba1688,1688增值服务-诚e赊保险理赔,诚e赊保险理赔,trade_compensation,0
alibaba1688,1688客户挽留基金赔付,客户挽留基金赔付,trade_compensation,0
alibaba1688,阳光追缴_产生交易理赔,阳光追缴_产生交易理赔,trade_compensation,0
alibaba1688,0010001|交易收款-交易收款,交易收款,trade_receipt,0
alibaba1688,1688增值服务-诚e赊买家还款,诚e赊买家还款,trade_receipt,0
alibaba1688,1688增值服务-诚e赊收款,诚e赊收款,trade_receipt,0
alibaba1688,0020011|交易退款-交易退款,交易退款,trade_refund,0
alibaba1688,1688增值服务-诚e赊售后退款,诚e赊售后退款,trade_refund,0
alibaba1688,售后退款,售后退款,trade_refund,0
alibaba1688,其他支出\收入,提现,withdrawal,1
douyin,万相台,万相台,ad_topup,1
douyin,货款直投千川,货款直投千川,ad_topup,1
douyin,货款充值保证金,货款充值保证金,deposit,1
douyin,上门取件运费,上门取件运费,software_fee,0
douyin,偏远地区物流服务,偏远地区物流服务,software_fee,0
douyin,权益保险,权益保险,software_fee,0
douyin,其他费用,其他费用,trade_compensation,0
douyin,拦截费,拦截费,trade_compensation,0
douyin,欠票扣款-商家开票,欠票扣款-商家开票,trade_compensation,0
douyin,消费者赔付,消费者赔付,trade_compensation,0
douyin,评价有礼保证金扣款,评价有礼保证金扣款,trade_compensation,0
douyin,评价有礼活动资金回退,评价有礼活动资金回退,trade_compensation,0
douyin,货款结算入账,货款结算入账,trade_receipt,0
douyin,退款,退款,trade_refund,0
douyin,退款-极速退二阶段商家资金回补,退款-极速退二阶段商家资金回补,trade_refund,0
douyin,退款-结算后退款-退用户,退款-结算后退款-退用户,trade_refund,0
douyin,退款-订单退款触发-分账,退款-订单退款触发-分账,trade_refund,0
douyin,退款-订单退款触发-退分账,退款-订单退款触发-退分账,trade_refund,0
douyin,退款-订单退款触发-退补贴,退款-订单退款触发-退补贴,trade_refund,0
douyin,退款-退转付扣减商家货款,退款-退转付扣减商家货款,trade_refund,0
douyin,提现,提现,withdrawal,1
jd,交易服务费,交易服务费,software_fee,0
jd,价保返佣,价保返佣,software_fee,0
jd,佣金,佣金,software_fee,0
jd,其他费用,其他费用,software_fee,0
jd,商品保险服务费,商品保险服务费,software_fee,0
jd,平台券价保补贴,平台券价保补贴,software_fee,0
jd,平台券价保补贴佣金,平台券价保补贴佣金,software_fee,0
jd,广告联合活动降扣佣金,广告联合活动降扣佣金,software_fee,0
jd,综合违约金,综合违约金,software_fee,0
jd,运费保险服务费,运费保险服务费,software_fee,0
jd,随单送的京豆,随单送的京豆,software_fee,0
jd,售后卖家赔付费,售后卖家赔付费,software_fee,0
jd,返利框架费,返利框架费,software_fee,0
jd,代收配送费,代收配送费,trade_receipt,0
jd,货款,货款,trade_receipt,0
jd_1688,0050002|保险支出-1688卖家版运费险,运费险,software_fee,0
jd_1688,客户挽留基金赔付,客户挽留基金赔付,trade_compensation,0
jd_1688,诚e赊订单红包,诚e赊订单红包,trade_receipt,0
jd_1688,9490退款,9490退款,trade_refund,0
pdd,0070004|转账-广告账户,万相台,ad_topup,1
pdd,0070001|转账-店铺保证金,转账-店铺保证金,deposit,1
pdd,0070002|转账-活动保证金,转账-活动保证金,deposit,1
pdd,0060001|营销费用-多多进宝,营销费用-多多进宝,marketing_fee,0
pdd,0110001|交易付款-服务消费,交易付款-服务消费,misc_payment,1
pdd,0120001|交易退回-服务消费退款,交易退回-服务消费退款,misc_payment,1
pdd,0030001|技术服务费-技术服务费,技术服务费,software_fee,0
pdd,0030002|技术服务费-基础技术服务费,基础技术服务费,software_fee,0
pdd,0050002|服务支出-消费者体验提升计划,服务支出-消费者体验提升计划,software_fee,0
pdd,0040001|售后费用-小额打款,售后费用-小额打款,trade_compensation,0
pdd,0040002|售后费用-售后补偿消费者,售后费用-售后补偿消费者,trade_compensation,0
pdd,0040003|售后费用-运费补偿,售后费用-运费补偿,trade_compensation,0
pdd,0040004|售后费用-延迟发货,售后费用-延迟发货,trade_compensation,1
pdd,0040005|售后费用-虚假发货,售后费用-虚假发货,trade_compensation,1
pdd,0040006|售后费用-缺货,售后费用-缺货,trade_compensation,1
pdd,0040007|售后费用-欺诈发货,售后费用-欺诈发货,trade_compensation,0
pdd,0040008|售后费用-发票服务承诺未兑现,售后费用-发票服务承诺未兑现,trade_compensation,1
pdd,0130002|其他收入-分账收入,其他收入-分账收入,trade_compensation,0
pdd,0130005|其他收入-申诉补回,其他收入-申诉补回,trade_compensation,0
pdd,0130010|其他收入-多单立减,其他收入-多单立减,trade_compensation,0
pdd,0140002|其他支出-分账支出,其他支出-分账支出,trade_compensation,0
pdd,0140022|其他支出-申诉追回,其他支出-申诉追回,trade_compensation,0
pdd,0140028|其他支出-合作费追回,其他支出-合作费追回,trade_compensation,0
pdd,0010002|交易收入-订单收入,交易收入-订单收入,trade_receipt,0
pdd,0010005|交易收入-优惠券结算,交易收入-优惠券结算,trade_receipt,0
pdd,0020002|交易退款-订单退款,交易退款-订单退款,trade_refund,0
pdd,0020005|交易退款-优惠券结算,交易退款-优惠券结算,trade_refund,0
pdd,0080001|提现-提现申请,提现,withdrawal,1
taobao,万相台,万相台,ad_topup,1
taobao,0030088|软件服务费-百亿补贴软件服务费（渠道）,百亿补贴软件服务费,marketing_fee,0
taobao,0060011|营销支出-淘宝客佣金,淘宝客佣金,marketing_fee,0
taobao,0070023|其他支出-百亿补贴预收,百亿补贴预收,marketing_fee,0
taobao,0110001|公益性捐赠支出-公益宝贝,公益宝贝,marketing_fee,0
taobao,0170120T|服务费-淘宝大促软件技术服务费,淘宝大促,marketing_fee,0
taobao,0240004T|其他收入-百亿补贴激励前返,百亿补贴预收,marketing_fee,0
taobao,0530294T|技术&服务费-限时红包代商家垫付扣回,限时红包代商家垫付扣回,marketing_fee,0
taobao,公益宝贝,公益宝贝,marketing_fee,0
taobao,品牌新享-天猫营销托管软件服务费,天猫营销托管,marketing_fee,0
taobao,品牌新享-淘宝营销托管软件服务费,淘宝新客托管,marketing_fee,0
taobao,品牌新享-超级流量加速软件服务费,新享超级流量,marketing_fee,0
taobao,品牌新享-限时加速服务费,品牌新享-限时加速服务费,marketing_fee,0
taobao,品牌新享-首单拉新计划,新享首单拉新,marketing_fee,0
taobao,品牌新享天猫新品营销托管,新享天猫新品,marketing_fee,0
taobao,品牌新享天猫新客营销托管,新享天猫新客,marketing_fee,0
taobao,品牌新享天猫超级老客加速软件服务费,新享天猫超级老客,marketing_fee,0
taobao,品牌新享新品孵化软件服务费,新享新品孵化,marketing_fee,0
taobao,品牌新享淘宝新客营销托管,淘宝新客托管,marketing_fee,0
taobao,品牌新享淘宝老客礼金软件服务费,新享淘宝老客,marketing_fee,0
taobao,品牌新享淘宝限时礼金软件服务费,新享淘宝限时,marketing_fee,0
taobao,品牌新享营销托管,天猫营销托管,marketing_fee,0
taobao,天猫APP专享折扣服务费,天猫专享折扣,marketing_fee,0
taobao,淘宝大促软件技术服务费,淘宝大促,marketing_fee,0
taobao,淘宝客佣金,淘宝客佣金,marketing_fee,0
taobao,淘宝新品礼金技术服务费,淘宝新品礼金,marketing_fee,0
taobao,淘宝新品礼金软件服务费,淘宝新品礼金,marketing_fee,0
taobao,淘宝新客礼金技术服务费,淘宝新客礼金,marketing_fee,0
taobao,淘宝新客礼金软件服务费,淘宝新客礼金,marketing_fee,0
taobao,淘宝联盟佣金代扣,淘宝客佣金,marketing_fee,0
taobao,百亿补贴软件服务费（渠道）,百亿补贴软件服务费,marketing_fee,0
taobao,营销托管软件服务费,新享天猫新客,marketing_fee,0
taobao,限时红包代商家垫付扣回,限时红包代商家垫付扣回,marketing_fee,0
taobao,0160001|交易付款-消费付款,交易付款-消费付款,misc_payment,1
taobao,0030001|软件服务费-天猫返点积分,天猫返点积分,software_fee,0
taobao,0030003|软件服务费-天猫佣金,类目软件服务费,software_fee,0
taobao,0030003|软件服务费-类目软件服务费（原天猫佣金）,类目软件服务费,software_fee,0
taobao,0030007|软件服务费-聚划算,软件服务费-聚划算,software_fee,0
taobao,0030018|软件服务费-天猫返点积分（退款）,天猫返点积分（退款）,software_fee,0
taobao,003003800001|软件服务费-支付宝服务费-花呗分期,花呗分期,software_fee,0
taobao,0030038|软件服务费-支付宝服务费,支付宝服务费,software_fee,0
taobao,0030130|软件服务费-基础软件服务费,基础软件服务费,software_fee,0
taobao,0030153T|软件服务费-淘宝营销活动软件服务费,淘宝营销活动软件服务费,software_fee,0
taobao,0030162T|软件服务费-淘金币软件服务费,淘金币软件服务费,software_fee,0
taobao,0050005|保险支出-卖家版运费险,运费险,software_fee,0
taobao,0060092T|营销支出-消费券代付资金扣回,消费券代付资金扣回,software_fee,0
taobao,0170122T|服务费-大服饰全球包邮跨境服务基础费_信息技术服务,跨境基础费,software_fee,0
taobao,0170125T|服务费-消费者体验提升计划服务费,消费者体验提升计划服务费,software_fee,0
taobao,0170142T|服务费-自选转寄快递服务费,自选转寄快递,software_fee,0
taobao,0530282T|技术&服务费-88VIP淘宝消费券技术服务费,88消费券服务费,software_fee,0
taobao,0530288T|技术&服务费-大服饰跨境服务增值费,跨境增值费,software_fee,0
taobao,88VIP淘宝消费券技术服务费,88消费券服务费,software_fee,0
taobao,88VIP淘宝消费券技术服务费返佣,88消费券服务费,software_fee,0
taobao,先用后付技术服务费,先用后付,software_fee,0
taobao,商家集运中转操作费,商家集运中转操作费,software_fee,0
taobao,商家集运物流服务费,商家集运物流服务费,software_fee,0
taobao,基础软件服务费,基础软件服务费,software_fee,0
taobao,消费券代付资金扣回,消费券代付资金扣回,software_fee,0
taobao,淘宝天猫跨境服务基础费,跨境基础费,software_fee,0
taobao,淘宝天猫跨境服务增值费,跨境增值费,software_fee,0
taobao,淘特营销推广服务费,淘特营销推广服务费,software_fee,0
taobao,淘金币软件服务费,淘金币软件服务费,software_fee,0
taobao,猫猫币抵扣项目平台垫付资金,猫猫币抵扣项目平台垫付资金,software_fee,0
taobao,猫猫币抵扣项目推广服务费,猫猫币抵扣项目推广服务费,software_fee,0
taobao,类目软件服务费,类目软件服务费,software_fee,0
taobao,类目软件服务费（原天猫佣金）,类目软件服务费,software_fee,0
taobao,聚划算佣金,软件服务费-聚划算,software_fee,0
taobao,超过消费券封顶金额的平台出资合作费用,超过消费券封顶金额的平台出资合作费用,software_fee,0
taobao,0070002|其他支出-交易赔付（保证金扣款）,交易赔付（保证金扣款）,trade_compensation,0
taobao,008000200001|保证金-天猫-缴存,保证金-天猫-缴存,trade_compensation,0
taobao,008000200002|保证金-天猫-解冻,保证金-天猫-解冻,trade_compensation,0
taobao,008000200003|保证金-天猫-扣除转移,保证金-天猫-扣除转移,deposit,0
taobao,008002800001|保证金-淘宝-缴存（退款锁定）,保证金-淘宝-缴存（退款锁定）,trade_compensation,0
taobao,008002800002|保证金-淘宝-解冻（退款锁定）,保证金-淘宝-解冻（退款锁定）,trade_compensation,0
taobao,008002800006|保证金-淘宝-缴存,保证金-淘宝-缴存,trade_compensation,0
taobao,008002800007|保证金-淘宝-解冻,保证金-淘宝-解冻,trade_compensation,0
taobao,008002800010|保证金-淘宝-扣除转移,保证金-淘宝-扣除转移,trade_compensation,0
taobao,008002800014|保证金-天猫-出账缴存,保证金-天猫-出账缴存,trade_compensation,0
taobao,008002800014|保证金-淘宝-出账缴存,保证金-淘宝-出账缴存,trade_compensation,0
taobao,008002800015|保证金-天猫-额度补齐缴存,保证金-天猫-额度补齐缴存,trade_compensation,0
taobao,008002800015|保证金-淘宝-额度补齐缴存,保证金-淘宝-额度补齐缴存,trade_compensation,0
taobao,008002800018 保证金-淘宝-缴存（红包退回）,保证金-淘宝-缴存（红包退回）,trade_compensation,0
taobao,008002800021 保证金-淘宝-解冻（交易赔付锁定）,保证金-淘宝-解冻（交易赔付锁定）,trade_compensation,0
taobao,0170064T00001T|服务费-物流赔付,服务费-物流赔付,trade_compensation,0
taobao,保险理赔-海外本地退,保险理赔-海外本地退,trade_compensation,0
taobao,其他费用,其他费用,trade_compensation,0
taobao,卖家延迟发货赔付红包,卖家延迟发货赔付红包,trade_compensation,0
taobao,商家权益红包,商家权益红包,trade_compensation,0
taobao,基金代发任务,基金代发任务,trade_compensation,0
taobao,天猫保证金履约险追偿,天猫保证金履约险追偿,trade_compensation,0
taobao,本地退赔款,本地退赔款,trade_compensation,0
taobao,淘宝联盟推广佣金返还,淘宝联盟推广佣金返还,trade_compensation,0
taobao,记账本转账,记账本转账,trade_compensation,0
taobao,0010001|交易收款-交易收款,交易收款-交易收款,trade_receipt,0
taobao,0010003|交易收款-店铺主体变更,交易收款-店铺主体变更,trade_receipt,0
taobao,0010027T|交易收款-邮费补贴,交易收款-邮费补贴,trade_receipt,0
taobao,0020001|交易退款-余额退款,交易退款-余额退款,trade_refund,0
taobao,0020002|交易退款-保证金退款,交易退款-保证金退款,trade_refund,0
taobao,其他支出\收入,提现,withdrawal,1
*,物流运费,物流运费,logistics_fee,0
*,跨境服务费,跨境服务费,cross_border_fee,0
